ID,Pred
1,0.5370215830034156
2,0.5321464035981804
3,0.5038107709765789
4,0.5274405379301303
5,0.48614844879549324
6,0.5134473161983746
7,0.5215408920875346
8,0.5107726758490182
9,0.492944894649389
10,0.4949095618220802
11,0.5102334134538927
12,0.4932860999827462
13,0.5029360629035968
14,0.5008739396545173
15,0.4989439175757712
16,0.45796375461133687
17,0.5012286898464361
18,0.8574970187607301
19,0.507956210214779
20,0.5209094270534262
21,0.5068611950636289
22,0.4769199862470999
23,0.516518589342276
24,0.5085556037855645
25,0.5111379545991395
26,0.49186421381307244
27,0.477700538432598
28,0.5210751516203764
29,0.49515695506622687
30,0.5001059270268104
31,0.49372714447032107
32,0.5018104870344622
33,0.4993935284556958
34,0.49657356305210626
35,0.5087178876260006
36,0.5145650869569603
37,0.544736161680963
38,0.5199864380899512
39,0.48867402579662117
40,0.5177602301436723
41,0.47387035000778427
42,0.5095571994839009
43,0.49033135700187597
44,0.5240572902211967
45,0.5023822440576914
46,0.5520500004435547
47,0.5249085989909866
48,0.5399588892541317
49,0.49668650759683736
50,0.5132371874625177
51,0.5318300941367033
52,0.4941419625975439
53,0.48831704834197837
54,0.525371090380072
55,0.4656545667004249
56,0.515860849306922
57,0.4910286666468074
58,0.5209453059229261
59,0.1291739809304315
60,0.513683734540057
61,0.5185176868571116
62,0.5264951280391414
63,0.5213732209970362
64,0.5574887449663294
65,0.5016600478007722
66,0.5068852857411417
67,0.1291739809304315
68,0.4862386925004578
69,0.5171366742398202
70,0.4843806277955816
71,0.48569698980695014
72,0.5029373306241051
73,0.4996431442741953
74,0.4980771945904407
75,0.5193206718385753
76,0.4928013003808663
77,0.5028041118701025
78,0.5123824498862332
79,0.495437097846096
80,0.5208482516484715
81,0.5103761981393502
82,0.8131072853353408
83,0.5135818753158532
84,0.5226192177766568
85,0.5119750374397269
86,0.5248395363780819
87,0.5222389456448387
88,0.5058190538448276
89,0.49450951469665677
90,0.5154748271274725
91,0.5386679352912438
92,0.42222023465555614
93,0.5002159864038734
94,0.5407367682293053
95,0.5280481832695776
96,0.49030997604661675
97,0.5068577112005055
98,0.5130456459732604
99,0.5171403654449231
100,0.5066301229445628
101,0.49520197122543425
102,0.5261113293010339
103,0.48767255262901804
104,0.5203941924909176
105,0.2538407771583547
106,0.5184061985566237
107,0.5054703969317733
108,0.48715169929053465
109,0.5224026964675541
110,0.48860893594636556
111,0.5039224323217681
112,0.5469442404615011
113,0.49660743781414485
114,0.49551650683234827
115,0.5081699316650311
116,0.47908617990492963
117,0.47940741630983813
118,0.5224338338539833
119,0.6073040087583098
120,0.5115444716810326
121,0.5212196606918431
122,0.553441651512196
123,0.5111833042765731
124,0.5766444854711954
125,0.47023520709836775
126,0.49680768892907906
127,0.5111095790611292
128,0.4369545162896362
129,0.48972315630466456
130,0.557962693834637
131,0.4988030906272007
132,0.4965851673000598
133,0.48965596800956357
134,0.49836385123953203
135,0.510091520688637
136,0.5294371221890583
137,0.51202934170126
138,0.48516587816437867
139,0.4996600728058005
140,0.5065142439958299
141,0.5020613235902093
142,0.4981083761163469
143,0.5041276385547813
144,0.6090030711987211
145,0.4992383730934788
146,0.48863518729629357
147,0.5010795665833071
148,0.5014158880978659
149,0.5102765356564242
150,0.49039451319496563
151,0.49228510600655484
152,0.507114100152173
153,0.5209453059229261
154,0.5215330454461419
155,0.5091164156910699
156,0.5154244433482134
157,0.5002799848342558
158,0.5119660469177889
159,0.5332626270108299
160,0.5174133011876798
161,0.4985642040677236
162,0.5098573783750286
163,0.534961456560993
164,0.5080349212075452
165,0.5044329670257496
166,0.5061265756806846
167,0.5908940939576288
168,0.4940057635435953
169,0.6080637639038051
170,0.5208508731877326
171,0.4940174864322155
172,0.519802138287711
173,0.5015157119347575
174,0.5026056291326941
175,0.5183036274857498
176,0.4951012338083977
177,0.5131030749586897
178,0.506355325464609
179,0.5178004434077219
180,0.5154901790500446
181,0.49887569272027527
182,0.5064812094132692
183,0.5137465826653219
184,0.5153261616353829
185,0.5067026595069823
186,0.5146089809991873
187,0.5062012372979848
188,0.5160917438932878
189,0.5127216826150067
190,0.5341899060457016
191,0.49916380318547277
192,0.5021028056998806
193,0.5048654392898893
194,0.4993977946293009
195,0.5052565384702961
196,0.5568116580861574
197,0.5086832064791502
198,0.553860203628685
199,0.5011963319793367
200,0.49471141383084605
201,0.45836707772569457
202,0.4959507015052624
203,0.5287866330914696
204,0.49948888050528223
205,0.4938605906677014
206,0.48603448905134083
207,0.5504298737435535
208,0.501432454596121
209,0.49869949509856415
210,0.507657316721992
211,0.5356116850438535
212,0.5020239158462626
213,0.5051938220692725
214,0.5310884447371949
215,0.5089348930905134
216,0.4934667291688857
217,0.513017886408746
218,0.4948420826218535
219,0.5143911112528757
220,0.5046010851006894
221,0.5234744466097252
222,0.5127361511362719
223,0.6187511267269078
224,0.5082589648732241
225,0.5380880111903772
226,0.502753779911047
227,0.5160681964167679
228,0.440127030017632
229,0.5225942321048693
230,0.4267452576649116
231,0.587693463701814
232,0.4907005603555608
233,0.5082557209583817
234,0.5353426712562136
235,0.510405166734202
236,0.49592414288231734
237,0.49428613728652165
238,0.5050502909534595
239,0.5130090950748399
240,0.513068449439316
241,0.49349450136657735
242,0.5039545306333282
243,0.5123028973500557
244,0.5226047842711159
245,0.5020086629131958
246,0.5062278944837175
247,0.4941951925773193
248,0.4999934522775955
249,0.5019943000839164
250,0.5022893943770962
251,0.5227929190067823
252,0.5107388398757359
253,0.5077634601182418
254,0.6198266934848061
255,0.49291440431917566
256,0.50795695381251
257,0.5222811471580668
258,0.49572866303751856
259,0.48931075333336616
260,0.49523157094075815
261,0.533221310813898
262,0.5000653916586324
263,0.5179175750927703
264,0.5093539298601084
265,0.4985338412395581
266,0.5035474960036741
267,0.6062881783796619
268,0.699053295715051
269,0.5205162207506795
270,0.49725612602502023
271,0.5276625186578902
272,0.5195259384212589
273,0.5197290213066794
274,0.5170292351336928
275,0.5243415059788379
276,0.5291939448577642
277,0.5207869028436818
278,0.5041665217400895
279,0.5066695751948155
280,0.4963283023711398
281,0.5041748037006697
282,0.5011690359352097
283,0.512466786828616
284,0.5013831678274558
285,0.48556891197974644
286,0.5094026776559865
287,0.4882190868123234
288,0.5216862951022253
289,0.4995573331224273
290,0.5017618496652152
291,0.49043218605207684
292,0.5023652737625645
293,0.5067892589756636
294,0.495797543757695
295,0.537442612381446
296,0.5248335536829748
297,0.4898378837532425
298,0.5118916702512815
299,0.5536968771458182
300,0.5289954233166466
301,0.5126822746578402
302,0.5048536347195631
303,0.5094630125780587
304,0.4913771070115584
305,0.6044797409990309
306,0.5057653002567182
307,0.4923018771390658
308,0.5043641735599774
309,0.5093422078896781
310,0.5252959923556698
311,0.5055014271723536
312,0.5113508154852257
313,0.4966222001517461
314,0.4998636721413331
315,0.5143734837494949
316,0.5014452704516758
317,0.49552819426763045
318,0.49023264632711583
319,0.5248757622255629
320,0.49097506824390175
321,0.506485074111785
322,0.5032150508400174
323,0.4780105384567
324,0.5187464877830432
325,4.7771812252937735
326,0.5045685475610668
327,0.5215919902663082
328,0.490660823795581
329,0.518337294257718
330,0.49844287499724915
331,0.507739235546493
332,0.5405960542303142
333,0.5055050059563984
334,0.5056702456650601
335,0.5216751323484695
336,0.49000387922825345
337,0.5397403302393848
338,0.5332358993780132
339,0.5022889331380549
340,0.4911308753193921
341,0.5309662139976076
342,0.4909026927277783
343,0.5094915629371919
344,0.5149788609523025
345,0.496335555646818
346,0.6299516034875867
347,0.5080811072375978
348,0.4930364089572432
349,0.5004263849515019
350,0.5169916599270995
351,0.4841057073824289
352,0.5060198259288664
353,0.5018133529838016
354,0.5252182925639151
355,0.5075067156081083
356,0.4985711757484785
357,0.5082565722877611
358,0.5079520096696067
359,0.49245855974718555
360,0.5128283289078398
361,0.5274832651413293
362,0.49133613983407814
363,0.5309152762346785
364,0.50922788868896
365,0.5030159823961466
366,0.4911116054273178
367,0.5192932145460615
368,0.4659411236048457
369,0.5292618872849332
370,0.5008847196788574
371,0.5028591244612778
372,0.5369776696987139
373,0.5007208474549413
374,0.5164467298975892
375,0.44297707899364425
376,0.4998489854354907
377,0.4973478002864785
378,0.5039798338701523
379,0.5104326062840876
380,0.49830720974959203
381,0.483555086585506
382,0.5364408617175601
383,0.4985789488232279
384,0.4994463832638314
385,0.49542646704290083
386,0.506528500679272
387,0.4979928358806225
388,0.5043479381011133
389,0.5265572258299414
390,0.5024307122543408
391,0.5513315127922103
392,0.4866572410261523
393,0.4880964872548031
394,0.5021369427469682
395,0.505365469534926
396,0.4854765030966244
397,0.4974896183236471
398,0.472728408277516
399,0.49892769382690855
400,0.5649854657314616
401,0.49675021334441766
402,0.5328142613539122
403,0.5149633753633528
404,0.5044211940324412
405,0.49809755520079646
406,0.5160864830801732
407,0.5042509431564475
408,0.5124728505795247
409,0.50867626958329
410,0.5008592259892062
411,0.5023762937580171
412,0.4938770240230233
413,0.4778093939323315
414,0.48331949190001366
415,0.5077988765952616
416,0.4938162133225641
417,0.45185484990441943
418,0.5191810524195981
419,0.5180443321849156
420,0.5114150358910896
421,0.5027488730153297
422,0.47946542197212527
423,0.5071944429829949
424,0.5103335444776709
425,0.46374699653290896
426,0.510643140817828
427,0.49328710914454027
428,0.5136933393294216
429,0.5154650523633574
430,0.5077006910703876
431,0.4999584463243735
432,0.504902832325343
433,0.5272499461046908
434,0.5073411585839898
435,0.47628908430681455
436,0.45410225697139645
437,0.5078930748711603
438,0.5304380956679193
439,0.47746703437199967
440,0.5015787742495306
441,0.5409649895671255
442,0.4971414024888335
443,0.5114749218037498
444,0.4998962950691945
445,0.5126863566780395
446,0.4951486935341822
447,0.504614853689707
448,0.5488267122200445
449,0.4878318766657284
450,0.5088838234629617
451,0.5077607828779713
452,0.48872129702038497
453,0.5152599100204094
454,0.5206111468374052
455,0.5012186691411158
456,0.5024243969606884
457,0.5097448650753738
458,0.5088130784087282
459,0.5025036670668853
460,0.4987412839664116
461,0.5003950661855329
462,0.4967472011958086
463,0.5020226859472161
464,0.49754703285515955
465,0.4878564498584811
466,0.5061680002330283
467,0.6390061717597633
468,0.4822566855843838
469,0.5334092290022112
470,0.5282844603796395
471,0.48839713603218665
472,0.5227546444278102
473,0.5007153743446264
474,0.5033463139704613
475,0.49423293316566425
476,0.503646468668251
477,0.5045611231173772
478,0.5204238036841881
479,0.5358699603828583
480,0.5221201150498198
481,0.4828627948707266
482,0.5063351074217937
483,0.5181911491932869
484,0.5228079026201571
485,0.49507812747993435
486,0.49867628320494417
487,0.48077971549982945
488,0.5045916460601874
489,0.5297292624872697
490,0.4999139189181071
491,0.5137333480600689
492,0.545228975813764
493,0.5128974357954066
494,0.49759733988533866
495,0.5635746932473381
496,0.5032939606034488
497,0.5039718482675246
498,0.514854019985556
499,0.5341087642204151
500,0.5086391511429807
501,0.5102163851705951
502,0.4899567785823461
503,0.5034364936651629
504,0.5098408486311579
505,0.480981271837152
506,0.48690399228907816
507,0.5265447963644221
508,0.509361637722284
509,0.5064021852555622
510,0.5063755089247373
511,0.49528750237807473
512,0.5024396929746006
513,0.6049347342163854
514,0.49106449373830313
515,0.4974833920412299
516,0.5091401158635024
517,0.5203715328561624
518,0.5236575928773871
519,0.503298910716131
520,0.506056371749367
521,0.5113426985883294
522,0.5108725593417299
523,0.5268587003831409
524,0.46008610701891856
525,0.5111605097096669
526,0.5165945966154136
527,0.513400570256679
528,0.5093161514827731
529,0.4748515426201361
530,0.5319619484190279
531,0.5126961333093423
532,0.4990959761007638
533,0.5213349702292451
534,0.5633224867427635
535,0.6517858933518231
536,0.49752018083987065
537,0.5129811985603462
538,0.5070385430676154
539,0.5037514024810764
540,0.5046056371093787
541,0.4674914874435904
542,0.516831988422049
543,0.5169478871574502
544,0.5050430731930984
545,0.503155116086948
546,0.4957269826319493
547,0.5064086849135807
548,0.5006268125654482
549,0.5336915790685298
550,0.526783674915717
551,0.5127133757980976
552,0.517525768440209
553,0.5212678955724895
554,0.5107908177585389
555,0.5422046245007791
556,0.8006785296978304
557,0.49681476839338956
558,0.5114336670944959
559,0.5016555319105611
560,0.5108042129223802
561,0.5013879201629791
562,0.5246572489728226
563,0.4956257268831707
564,0.5082604355220363
565,0.5261703314795189
566,0.503069977363965
567,0.5062691875440862
568,0.5189539735003336
569,0.4981194649066479
570,0.5190060554591149
571,0.5106124637871113
572,0.5003969454750826
573,0.5291472379676035
574,0.5027291710480168
575,0.5140630572216255
576,0.5676454950043701
577,0.5185198715003643
578,0.5267163586011487
579,0.5024424561155202
580,0.5010725785561904
581,0.5167354364534369
582,0.5168882831259826
583,0.5075719926175316
584,0.5147711775479463
585,0.5138663917361013
586,0.46813028629316644
587,0.511878385150717
588,0.5373415517193925
589,0.5690896144127926
590,0.5136700923702144
591,0.49207909025090646
592,0.5252788534802904
593,0.5209506526811214
594,0.4991094969296495
595,0.4330479103706454
596,0.5140062717444166
597,0.5290233201195174
598,0.530919737758139
599,0.5253072511662269
600,0.5275491834071837
601,0.5021654293846637
602,0.5184865206561003
603,0.5436611326919003
604,0.512304074738523
605,0.5079259592275102
606,0.5006941949653319
607,0.5205286991709482
608,0.4935955578598517
609,0.4755228325640648
610,0.4975057018400302
611,0.5484839948165916
612,0.40609122279121845
613,0.5257696977877496
614,0.5176274198849449
615,0.4928204617052579
616,0.5078651863992575
617,0.4977226559953368
618,0.4793851073629457
619,0.49641533480196076
620,0.5147130835423361
621,0.5127145310679299
622,0.5069123613596757
623,0.5150008582115163
624,0.5005661291560142
625,0.5070082491145532
626,0.5218503650937003
627,0.49478332553511234
628,0.5220561516365081
629,0.48731889922504057
630,0.4952395338226063
631,0.5164102971356876
632,0.5912914178025657
633,0.5190399524899009
634,0.5054811498762316
635,0.4983397489127147
636,0.540491115132989
637,0.4967053492119077
638,0.5748108177683136
639,0.5125460608712246
640,0.5391559332469104
641,0.5178938214509534
642,0.5146749339941298
643,0.5015249365057477
644,0.5205516710314811
645,0.4867739091840044
646,0.5057721878761186
647,0.5419855454859928
648,0.5128444430222454
649,0.511745627052698
650,0.47918131247810775
651,0.5784236941898113
652,0.4899766066778562
653,0.5128898226288802
654,0.5057422305625671
655,0.45601742092119274
656,0.5173878739398472
657,0.5079019872424241
658,0.5281417310296075
659,0.575449287776822
660,0.5280534358979122
661,0.5149861547528586
662,0.6533342686405139
663,0.4932950568882609
664,0.4980280739054337
665,0.5139251001404017
666,0.5005492224619847
667,0.49843366200497763
668,0.5006952656992413
669,0.5065862396989192
670,0.48196962659969445
671,0.5198680982368756
672,0.4769886889976762
673,0.5045386201002041
674,0.5071985720891957
675,0.5102480379298582
676,0.5792700556888013
677,0.6577868645544408
678,0.49387180037887923
679,0.511785849244156
680,0.5071259756325319
681,0.508569362319451
682,0.5054413064199668
683,0.5040305407564863
684,0.5296091139834039
685,0.48439487270743303
686,0.49632396428435666
687,0.5235706416884012
688,0.48939273398349153
689,0.505786900750969
690,0.4947327990735712
691,0.510366447350526
692,0.4684935467157939
693,0.4863277950940089
694,0.5090155592264902
695,0.5037545607423443
696,0.5450841218885626
697,0.5630561508302061
698,0.5114755275386311
699,0.5046446943409556
700,0.5054242550398585
701,0.5126807842655643
702,0.4696402661443328
703,0.5142050742140848
704,0.5117411721611059
705,0.49797581994347423
706,0.4799990318136282
707,0.4966996565844575
708,0.511283148789175
709,0.5829123634763927
710,0.5225042011574437
711,0.4951709953577389
712,0.5184379338383683
713,0.526994549700451
714,0.48782617758175445
715,0.5390093408032047
716,0.5112619716403841
717,0.5039128606364027
718,0.5002932262129064
719,0.5208099832110086
720,0.5071574633693887
721,0.4805609103210842
722,0.49826635679291753
723,0.5054976925520789
724,0.4788457587865198
725,0.4990962188934373
726,0.47865087374744136
727,0.5254049304653744
728,0.5195167307385478
729,0.5113144232158314
730,0.5125610755773713
731,0.5304827791395439
732,0.5007425803420439
733,0.4920369192800051
734,0.5240019669410414
735,0.4879875510889648
736,0.5058138087210587
737,0.5094590947721832
738,0.5067974414561914
739,0.5089518110979387
740,0.5053682016966691
741,0.5020650404088598
742,0.5216751323484695
743,0.5018321110848534
744,0.5056563197869217
745,0.5078117856290613
746,0.5073831575537255
747,0.5013954436874997
748,0.5622929673549933
749,0.49763210359639587
750,0.5266045715193026
751,0.486378339738529
752,0.49680653740643693
753,0.5170848918678981
754,0.5118986568812262
755,0.5065778272043862
756,0.5027924395702531
757,0.5133085335968322
758,0.5159478788113339
759,0.49693237144377245
760,0.5046254233975334
761,0.5246029143168158
762,0.4821497878930558
763,0.5220265583406932
764,0.48714854388853773
765,0.5631940827977872
766,0.5127868891559488
767,0.49941355611685
768,0.5004675803360605
769,0.493976254951129
770,0.4871169748939977
771,0.5172899628666013
772,0.5222405224176279
773,0.5154801593621235
774,0.4859166155212099
775,0.5022534699071107
776,0.48646678524414416
777,0.4843071590228516
778,0.5862230019140984
779,0.5023010022285166
780,0.5315453072083033
781,0.5034651102989515
782,0.503008153096629
783,0.5020910341731225
784,0.5489125725348464
785,0.5123722797435474
786,0.5174242639814085
787,0.5039541125905798
788,0.5241701408470402
789,0.5031069822488455
790,0.5052547592454709
791,0.5240460732692219
792,0.5080744858792735
793,0.40609122279121845
794,0.5216751323484695
795,0.5024612319053146
796,0.5041192628919512
797,0.5197753367808066
798,0.5002395865182937
799,0.5365717141404525
800,0.5156655871522463
801,0.5661011386454871
802,0.7893446647597195
803,0.5013855971311215
804,0.5062938998576064
805,0.46566975500689295
806,0.4988645572074783
807,0.4663631677419601
808,0.5079080975426723
809,0.5257823028302818
810,0.5155785447301529
811,0.5041631362019041
812,0.5058012806889327
813,0.5100355816208859
814,0.5734010624580972
815,0.5481568595181899
816,0.5006662581383878
817,0.49881369325293134
818,0.5284289932324231
819,0.49409251267265664
820,0.48440860442936046
821,0.49250322460466317
822,0.49627074104402985
823,0.49515879322414075
824,0.49926578435825864
825,0.48979927913947235
826,0.5095573393360232
827,0.496751356237112
828,0.5160028694690465
829,0.5136236097588545
830,0.5468080597165099
831,0.5072622040705089
832,0.5138010312134538
833,0.5017406952721749
834,0.5009348476871935
835,0.5043912310821096
836,0.5305239957887955
837,0.5789794557057149
838,0.4872524906509239
839,0.49977081854270317
840,0.5149276269243592
841,0.5701330458408752
842,0.5209426618022803
843,0.501410975292552
844,0.5135254152181611
845,0.5119785458408757
846,0.5091335943568027
847,0.5053683792509799
848,0.48174869306748497
849,0.5270825271428664
850,0.5149788609523025
851,0.4995646257829973
852,0.5146038901204586
853,0.49061443543765015
854,0.48462016502075506
855,0.5071797925504677
856,0.5111035882557889
857,0.503981032965441
858,0.5326310824344598
859,0.5078137721423571
860,0.5094407836958753
861,0.5069130803329167
862,0.5147963998505177
863,0.5152229929156397
864,0.5155756753430674
865,0.5050356700893206
866,0.5200599545764213
867,0.5288924335822234
868,0.5179649115717709
869,0.5204095181733271
870,0.5021093156018905
871,0.5364647731561908
872,0.47917378862283033
873,0.5065406719934655
874,0.5028173229261804
875,0.5054269968975161
876,0.49467185018358556
877,0.4907699206658564
878,0.5063480695413615
879,0.5031251210580672
880,0.5094942210207332
881,0.5274118825657549
882,0.5242841691893608
883,0.5375329896454276
884,0.5222615833102527
885,0.5222756613218589
886,0.5073592693193827
887,0.5262392948518029
888,0.4539762678247061
889,0.5092415059613231
890,0.5714657923159673
891,0.4987550673351554
892,0.5310842282949298
893,0.49135768902862187
894,0.47985025370190404
895,0.5188040941852388
896,0.5010844063642155
897,0.5176583170794113
898,0.4977503310042547
899,0.518396726646292
900,0.5263599916757279
901,0.5314668374241729
902,0.5104787548888733
903,0.5014885262501624
904,0.5140075526681793
905,0.7170999174696003
906,0.5327232667776319
907,0.5160914750063371
908,0.5049789652324475
909,0.4765676371457396
910,0.5952493294971215
911,0.4993211508937937
912,0.4560162433253785
913,0.51333273840749
914,0.5160292583220878
915,0.5102984114430578
916,0.5337798038881822
917,0.5132522538091316
918,0.5250639821958912
919,0.5319914655144967
920,0.4892499232104121
921,0.4928251395025183
922,0.5075594489757865
923,0.5148400684280323
924,0.5217799190584954
925,0.5249568579467375
926,0.5200039053732065
927,0.5122773985530618
928,0.512916959473585
929,0.4938057930225799
930,0.4785538325694873
931,0.504297064240973
932,0.5045970682381846
933,0.5112958257743129
934,0.4970916287235224
935,0.49128252097964614
936,0.5161041396843454
937,0.5234658240835005
938,0.496839380791832
939,0.4886701477023513
940,0.49566177008903206
941,0.5040981004588123
942,0.5137970062288407
943,0.507297973956853
944,0.4915279923263754
945,0.4954087733205038
946,0.49524916740656627
947,0.5341322348495565
948,0.5382917037347152
949,0.5126007125225249
950,0.5112695180665106
951,0.5149945180054575
952,0.5492667585760985
953,0.5140736739447666
954,0.6030442194369746
955,0.4873225071947644
956,0.5223433494898246
957,0.4952780149579353
958,0.5101077441147853
959,0.48273604862951436
960,0.5136048163964294
961,0.5077003880977282
962,0.5208969103301112
963,0.49615115869728116
964,0.5013256628487808
965,0.49284949800436056
966,0.48463491906788164
967,0.514284385532604
968,0.5055634324793801
969,0.49828410189068284
970,0.4922556453526525
971,0.5208282202593597
972,0.48611053933838877
973,0.49782883695349966
974,0.4884688110070622
975,0.5118278656164462
976,0.5003565476342878
977,0.535551605569951
978,0.504718104123618
979,0.5025633009175405
980,0.5083175900964351
981,0.5395532252354484
982,0.4988670833409201
983,0.4939352468158154
984,0.5159537999306765
985,0.5094039198582586
986,0.518579295490266
987,0.5122542344750198
988,0.5022221734632935
989,0.4776514921116554
990,0.5142845429534042
991,0.48261502606107376
992,0.48667168565846797
993,0.5147549007300867
994,0.5003717009529255
995,0.4890334057867446
996,0.5038619239015787
997,0.5131789788830039
998,0.4981002301684145
999,0.4947646140942719
1000,0.5535680503224585
1001,0.5235738590787908
1002,0.4951049721942392
1003,0.5731422519329883
1004,0.5042527023775111
1005,0.5189124630016931
1006,0.49862628213206944
1007,0.5112478016880251
1008,0.5983528764755663
1009,0.50889920228189
1010,0.4916007386410973
1011,0.5155627249103973
1012,0.5147324235428886
1013,0.5029995045195327
1014,0.4849205922327378
1015,0.4827963702774157
1016,0.5169681409068879
1017,0.1291739809304315
1018,0.5096984377578294
1019,0.508172916292818
1020,0.5232146729237129
1021,0.5134506097761802
1022,0.5187181781963643
1023,0.518833310111404
1024,0.5059765085579637
1025,0.5153556983156509
1026,0.5014070438319438
1027,0.516597551732887
1028,0.4941787930860917
1029,0.48712887573646774
1030,0.49372622835649216
1031,0.4945610676047464
1032,0.5292204393659963
1033,0.5219195169555816
1034,0.4958672164934059
1035,0.5089963775712137
1036,0.5327407579029976
1037,0.5049741731930756
1038,0.505806626457984
1039,0.5295484775919005
1040,0.5026479007090965
1041,0.5294714112992741
1042,0.5018384809216492
1043,0.5448457522098906
1044,0.4826699037369004
1045,0.5189698660718842
1046,0.5325958315831001
1047,0.4812493838608417
1048,0.49937600862704296
1049,0.5187286401820105
1050,0.5109740301062322
1051,0.5083759434461983
1052,0.47673870493723514
1053,0.5195613632393993
1054,0.5016015009906016
1055,0.4870456599233784
1056,0.5253272083083816
1057,0.49880164255531584
1058,0.49932286921133895
1059,0.48592892601745774
1060,0.5154466891332254
1061,0.538135099386785
1062,0.5010668974345723
1063,0.47258350928943743
1064,0.5031115957733883
1065,0.5127129733751263
1066,0.5143418292638368
1067,0.48431891263183663
1068,0.4908232178535088
1069,0.5009425561667379
1070,0.5017630801135958
1071,0.549707605933018
1072,0.4871601807066776
1073,0.5090688197543102
1074,0.5172244013660551
1075,0.5187127139397628
1076,0.5370425050373284
1077,0.4929908868480131
1078,0.5082718201257008
1079,0.4941777139074177
1080,0.3088740077032213
1081,0.535622652184374
1082,0.6622402702373955
1083,0.49634761807317845
1084,0.5007209524131754
1085,0.4787938938456289
1086,0.5288223697037575
1087,0.5015758546121506
1088,0.5040694483357696
1089,0.5150000534978254
1090,0.5131226950938885
1091,0.5294419131946123
1092,0.535999199712379
1093,0.5093897541173348
1094,0.49458002175777205
1095,0.5113150974289994
1096,0.48476334296100243
1097,0.4841131722712929
1098,0.49828907993642596
1099,0.4954670732412345
1100,0.49969034327039674
1101,0.5268739571671704
1102,0.5150755689898934
1103,0.5062246931327108
1104,0.5211301052560996
1105,0.5001411301447231
1106,0.4981175761283412
1107,0.5145337595055292
1108,0.5007461829567041
1109,0.5200848934410095
1110,0.5092168983680625
1111,0.5191900467310004
1112,0.5200534901990507
1113,0.4949816607042995
1114,0.4729128743437477
1115,0.49198716725246905
1116,0.5124945698610286
1117,0.5178192205769592
1118,0.5116151213074206
1119,0.5036077886996697
1120,0.49287135018083306
1121,0.5045046309244838
1122,0.4957906841404119
1123,0.49589479908836265
1124,0.5051362753367387
1125,0.48134679714370626
1126,0.5084511146684177
1127,0.5167157065791401
1128,0.4916756314557288
1129,0.5219730791410412
1130,0.4925073166394694
1131,0.5179042914158521
1132,0.4894817314692815
1133,0.48221321038448534
1134,0.5081700954452771
1135,0.5126807842655643
1136,0.5083731582900802
1137,0.516345253821243
1138,0.5748029263862601
1139,0.4878320067983236
1140,0.5039517862642308
1141,0.511124618259427
1142,0.5061045281402685
1143,0.49653310110051374
1144,0.501939389918614
1145,0.5002701998506404
1146,0.49657663394451235
1147,0.4929165276602191
1148,0.6147286544740656
1149,0.5143138847346791
1150,0.49415202443867806
1151,0.4890872136080222
1152,0.496586541896968
1153,0.5040382559611126
1154,0.5130223055938647
1155,0.5164249203097809
1156,0.5231892756399309
1157,0.49858625631652403
1158,0.5031876369861158
1159,0.5036551780331255
1160,0.49776108151688264
1161,0.5136258249425644
1162,0.5446768676761439
1163,0.5081418231144055
1164,0.46930983344778726
1165,0.4512578317848274
1166,0.5085751194994251
1167,0.5081003166798974
1168,0.4923680151338868
1169,0.5251600987832538
1170,0.5001724184374137
1171,0.5356837710420498
1172,0.513928647741608
1173,0.5272680608676025
1174,0.5198844276311614
1175,0.5345590664310811
1176,0.48965470582684967
1177,0.5005372861787376
1178,0.5350589821345767
1179,0.49891010700829475
1180,0.5312940174181345
1181,0.4993280037425198
1182,0.5066690464346564
1183,0.47691658831834144
1184,0.49346997062690323
1185,0.47963053993072663
1186,0.5270040185088514
1187,0.504410546628899
1188,0.49732807015927993
1189,0.4987069274497858
1190,0.4838351153123317
1191,0.5007776810975059
1192,0.5089584812299641
1193,0.4949211421057976
1194,0.5206763004999113
1195,0.5094214429194364
1196,0.5239811567991578
1197,0.5145110197700284
1198,0.509030950361093
1199,0.4606008450684709
1200,0.5011041100301524
1201,0.6030442194369746
1202,0.5076136115987703
1203,0.5127831386808229
1204,0.5083568502924949
1205,0.5072766481045612
1206,0.5200392004594847
1207,0.521266601807397
1208,0.5102519061003646
1209,0.5139272788202796
1210,0.5047484829503607
1211,0.5589514680522943
1212,0.4878789276654225
1213,0.515232602196501
1214,0.4963737829386274
1215,0.49902141234138414
1216,0.5029593104956982
1217,0.5080445740872109
1218,0.5122316436051327
1219,0.5131710847055843
1220,0.49513499918883513
1221,0.4972943170997479
1222,0.5003285083804485
1223,0.51019370364348
1224,0.63888291121359
1225,0.545398158909574
1226,0.465412323591295
1227,0.4792835201403161
1228,0.5064900795887511
1229,0.5230889919567906
1230,0.5244455835705158
1231,0.5230574756600781
1232,0.4937291158712502
1233,0.48618483970499055
1234,0.5123597415382114
1235,0.49669386620284345
1236,0.5066765069507129
1237,0.49769124089000727
1238,0.5215762315568844
1239,0.49148910911487065
1240,0.49880250741186216
1241,0.488487194966785
1242,0.508723751760847
1243,0.4805527543432712
1244,0.5077365427393238
1245,0.49352953324933707
1246,0.5079565989183759
1247,0.5171687603740288
1248,0.5131186023339628
1249,0.44367319511063286
1250,0.6013710089244145
1251,0.5159800368322734
1252,0.5227443207150102
1253,0.5050570703635614
1254,0.4789190709201079
1255,0.5206361643778206
1256,0.5067801291770364
1257,0.4984652469029579
1258,0.5247148895133245
1259,0.5395819241069391
1260,0.52541490269264
1261,0.5321906411906484
1262,0.5235125584454364
1263,0.5183457869520215
1264,0.49694273420150004
1265,0.5155234464596068
1266,0.514913959604576
1267,0.5175795868469691
1268,0.5082240603385135
1269,0.5067847740579383
1270,0.514288923097716
1271,0.523491223897205
1272,0.5154466189957786
1273,0.5121509534454389
1274,0.5062479463502856
1275,0.5021124430745995
1276,0.5183568431713015
1277,0.5209225607427431
1278,0.5061618782409631
1279,0.5014964921371715
1280,0.49593657580831074
1281,0.5066455882214178
1282,0.4985043033339739
1283,0.5151477439327926
1284,0.5297950790246087
1285,0.5087781382430381
1286,0.5009146527598257
1287,0.5513766801350242
1288,0.5623495672601395
1289,0.49713204488630464
1290,0.5010749144519956
1291,0.5004836197447166
1292,0.48649506978563345
1293,0.5258481518643336
1294,0.5066711253471207
1295,0.49795859722746405
1296,0.5526638967025069
1297,0.5265890102888201
1298,0.5219322400894194
1299,0.5012067562440039
1300,0.49508331300396774
1301,0.4849929141582987
1302,0.5084023766003478
1303,0.5682390730196734
1304,0.47079024968635125
1305,0.5368094313001897
1306,0.49371954523839895
1307,0.5005632692045651
1308,0.5881066831895004
1309,0.4902678590189858
1310,0.5075960896011636
1311,0.515221089305848
1312,0.4783097763146706
1313,0.4936647686509784
1314,0.47139404370972454
1315,0.5222106793737843
1316,0.45777111065745485
1317,0.49188734801516576
1318,0.47690997143745284
1319,0.48865666868473245
1320,0.4968155787630122
1321,0.5256625129792242
1322,0.5295226872884293
1323,0.5093469448313005
1324,0.5256261087778022
1325,0.5126535365831014
1326,0.5242399566518221
1327,0.4804136455930678
1328,0.4867429365773378
1329,0.5014879927470585
1330,4.7771812252937735
1331,0.5046323208457072
1332,1.3436260771673973
1333,0.5258141073103108
1334,0.5305486014794761
1335,0.5287878926221549
1336,0.5145080144864046
1337,0.5307291648500256
1338,1.0465074627198019
1339,0.5024084703422013
1340,0.5030292985620104
1341,0.5247281040579064
1342,0.5131595647437198
1343,0.5574323867144709
1344,0.50003948870082
1345,0.4983635764412965
1346,0.5110548570708007
1347,0.5063415930265952
1348,0.518010864608223
1349,0.49497894706064505
1350,0.5062240009042415
1351,0.4962705896640229
1352,0.502041121500472
1353,0.5166519342704792
1354,1.3436260771673973
1355,0.5059807173717286
1356,0.5036315083339525
1357,0.5006311501432273
1358,0.5038062911701118
1359,0.5122306233138785
1360,0.5146957402967743
1361,0.5803617227668539
1362,0.5035500097550872
1363,0.49884288163764184
1364,0.48931727324454294
1365,0.6209958653562511
1366,0.49349961710702367
1367,0.5022714925409729
1368,0.5468635476972751
1369,0.5002995652742296
1370,0.5092149333022853
1371,0.4822903169952865
1372,0.5151372265601637
1373,0.5092647756239489
1374,0.5135922867014499
1375,0.5134239887161528
1376,0.4998004068040952
1377,0.5202366080206096
1378,0.5568242845015727
1379,0.5852883225942604
1380,0.5144691226343552
1381,0.5130370063348324
1382,0.5240722611774575
1383,0.497319988356386
1384,0.491327149193915
1385,0.519302739352282
1386,0.4907699206658564
1387,0.48913539044150506
1388,0.4999000521324545
1389,0.49561636518629604
1390,0.5204076199560693
1391,0.544127781344298
1392,0.4858369641441719
1393,0.506024403720895
1394,0.5602217123763905
1395,0.5133374079657231
1396,0.5448457522098906
1397,0.5562011827559897
1398,0.4988831654829568
1399,0.5036169805246064
1400,0.5366929304018717
1401,0.5098232158648821
1402,0.5255116258639521
1403,0.5095708654628036
1404,0.5028238431067579
1405,0.5142224973569839
1406,0.5084746435070038
1407,0.5133618612462969
1408,0.5160910086025139
1409,0.4867891104617645
1410,0.47963325745948243
1411,0.5048260274753146
1412,0.5188065577571194
1413,0.5015210272109546
1414,0.48679484127551137
1415,0.5146865902453952
1416,0.49231588740305315
1417,0.5204928489591858
1418,0.5134357056615367
1419,0.5017242546320126
1420,0.51365366661439
1421,0.5444600149902117
1422,0.5137965579403201
1423,0.5668160633905426
1424,0.5397489133811332
1425,0.5245142868364319
1426,0.5090242291984525
1427,0.5047777100201087
1428,0.5210326233531746
1429,0.5105340574314252
1430,0.5055520850908126
1431,0.5108819445516545
1432,0.48798903401891075
1433,0.5423838640371721
1434,0.48613762746227507
1435,0.4944709654197419
1436,0.4964260130191112
1437,0.48300060389141825
1438,0.5164786541580015
1439,0.49367791244993764
1440,0.5181772948802793
1441,0.5078214589646657
1442,0.5566315356022182
1443,0.5380591039485234
1444,0.5048536347195631
1445,0.49799715782712867
1446,0.5120113300678479
1447,0.4940393629067948
1448,0.49890667257633314
1449,0.5033728851987115
1450,0.4689267750603512
1451,0.5098460622996912
1452,0.5157960371700291
1453,0.5102251030935492
1454,0.49864176797581433
1455,0.4762470143608795
1456,0.5299969459431372
1457,0.5244107989363823
1458,0.5042369245744761
1459,0.4970921258851445
1460,0.49766016363486987
1461,0.5144674352188154
1462,0.4600606286283135
1463,0.4961903558766583
1464,0.5376903678082413
1465,0.5178486001937137
1466,0.505207804943946
1467,0.4956558995045406
1468,0.5034749301781849
1469,0.5040091182549532
1470,0.5001436756139045
1471,0.5098034034650194
1472,0.49410288902626687
1473,0.5138453015246869
1474,0.5067185783370405
1475,0.48090776147984726
1476,0.5013509303590853
1477,0.490903212387054
1478,0.49031511523998395
1479,0.5127835319988534
1480,0.546726860026885
1481,0.5518113278742468
1482,0.5253490484892612
1483,0.5175845814960777
1484,0.5647839992197079
1485,0.5175373251784625
1486,0.4980868812680162
1487,0.46623001615290716
1488,0.5023469077078232
1489,0.4907094633121837
1490,0.4940738780697535
1491,0.5410723775523717
1492,0.47140559977971785
1493,0.501918346655416
1494,0.5210285959994336
1495,0.5681744143598062
1496,0.5045015039287093
1497,1.3436260771673973
1498,0.5073285325254174
1499,0.4932670670057107
1500,0.4875093296600791
1501,0.5019280021797721
1502,0.49611260129739476
1503,0.5205431788181327
1504,0.5023379871959782
1505,0.5049451260311594
1506,0.5083162100459153
1507,0.52971200016687
1508,0.544820958788127
1509,0.5013821632003058
1510,0.5063212683519445
1511,0.5101533187547391
1512,0.4882307543985648
1513,0.4980482091131841
1514,0.509539446149635
1515,0.49160170762122646
1516,0.5005643792252676
1517,0.5235506766298275
1518,0.49685186258885644
1519,0.5681744143598062
1520,0.487604889528655
1521,0.4775001842879707
1522,0.5082236557830386
1523,0.5098189266069468
1524,0.49504083524120074
1525,0.5367614785213402
1526,0.5085092780258602
1527,0.5036612727114238
1528,0.4941996757467446
1529,0.4981709612004682
1530,0.46463451634210795
1531,0.48778956432242104
1532,0.49053327818091075
1533,0.49117305389907906
1534,0.49868517138832313
1535,0.5152299232561366
1536,0.5087090397029754
1537,0.5396990812747833
1538,0.5103635274121343
1539,0.504680126086292
1540,0.49451919651660237
1541,0.5198648256588949
1542,0.5113737936828241
1543,0.5173094914903131
1544,0.49899024722676005
1545,0.5150540338331552
1546,0.5075744196528151
1547,0.5011702143604214
1548,0.48658403378831055
1549,0.5174988832447166
1550,0.521110653157761
1551,0.5285865694486963
1552,0.5076376398276097
1553,0.5112909762893224
1554,0.5079040102726076
1555,0.5199013789988515
1556,0.5070141451321766
1557,0.5177953316597709
1558,0.49874485640404354
1559,0.5163340108978656
1560,0.5136927494110441
1561,0.51843750929505
1562,0.5237247031818947
1563,0.5243368444102552
1564,0.5116929347731244
1565,0.5174920996265117
1566,0.5052802446776407
1567,0.5098555690793101
1568,0.5149615118664852
1569,0.5096447190453208
1570,0.5175093928072161
1571,0.5170988844507607
1572,0.513575317796737
1573,0.49913638046243436
1574,0.5219371522849748
1575,0.4717493392280131
1576,0.5389361452631435
1577,0.4858499947028771
1578,0.5051454580519714
1579,0.5228766487863161
1580,0.4896715943087361
1581,0.4901969998617253
1582,0.5088760664912775
1583,0.48270839183810693
1584,0.4930041181840277
1585,0.5028418188165795
1586,0.5123690218187278
1587,0.5249402313137345
1588,0.4839542709416595
1589,0.5086504442067359
1590,0.49582324687695883
1591,0.4747068098070129
1592,0.5049542448525572
1593,0.5025993441916162
1594,0.5072932386816759
1595,0.5187640987026585
1596,0.5076339323313794
1597,0.5077295292532784
1598,0.5149225692284672
1599,0.5156869801356381
1600,0.5059204909356907
1601,0.45527461921789547
1602,0.519071387682187
1603,0.5110892854093799
1604,0.49898947893458534
1605,0.5134538418477815
1606,0.47179903234872966
1607,0.48405954525018374
1608,0.42725983384916916
1609,0.5164156297560462
1610,0.5351424235038135
1611,0.5081015110584747
1612,0.5012548292003771
1613,0.510973702193529
1614,0.5061006089647332
1615,0.4988265186227376
1616,0.49820980966687417
1617,0.4642019200693249
1618,0.5233433759195621
1619,0.5141895189177038
1620,0.5581734413088241
1621,0.4914595197736626
1622,0.5083009496828412
1623,0.4936562870955905
1624,0.48309695564089383
1625,0.513545429609005
1626,0.4989432560344604
1627,0.5139582289082736
1628,0.5082165378707324
1629,0.5080591583460707
1630,0.527216163546183
1631,0.5051215215749321
1632,0.4927113080442037
1633,0.5038689300250322
1634,0.5353016336148547
1635,0.49391022267035944
1636,0.5041214080812647
1637,0.5001172126385145
1638,0.48599224538989005
1639,1.3436260771673973
1640,0.5098770881426365
1641,0.4999206837745782
1642,0.49747215794744193
1643,0.5124722422419602
1644,0.510347346078136
1645,0.5010194549549647
1646,0.5013121942736614
1647,0.5021620626028039
1648,0.49861008722833655
1649,0.504193483291509
1650,0.4871926738063699
1651,0.5445695105518636
1652,0.5114210038606851
1653,0.4932716886598147
1654,0.5046065378940233
1655,0.5781745972393824
1656,0.5173339450029686
1657,0.5064884827880646
1658,0.5091890316135093
1659,0.5387905728746635
1660,0.48155625371409866
1661,0.5086913173571416
1662,0.5235314580434304
1663,0.5054103969066762
1664,0.47515139776051296
1665,0.5297409346988685
1666,0.4947753154048893
1667,0.4753950538709139
1668,0.532523750213169
1669,0.51645679204335
1670,0.509967538645843
1671,0.5033778136687189
1672,0.48807107162361757
1673,0.49259249360218393
1674,0.510103280282915
1675,0.5110698480507175
1676,-0.8364639298454847
1677,0.5248086094190434
1678,0.491794243620756
1679,0.519763103435049
1680,0.5288221096159675
1681,0.5009929206987636
1682,0.5143668831347209
1683,0.5420136832231489
1684,0.5041514016737609
1685,0.46803428922401524
1686,0.5043982917292763
1687,0.5018554028433115
1688,1.442633536646056
1689,0.4865413443804432
1690,0.45335789161241763
1691,0.513422693067546
1692,0.496312064884894
1693,0.5209070823585311
1694,0.5023629560552546
1695,0.4968832328355026
1696,0.47892209788728257
1697,0.513457654765166
1698,0.48974294715309524
1699,0.5185565138947256
1700,0.4944605832945608
1701,0.501389703538579
1702,0.49184179938457057
1703,0.5284103208506006
1704,0.5052706372531123
1705,0.546868516259741
1706,0.48435868632005913
1707,0.4269233269683803
1708,0.4974401254866135
1709,0.5064275347155144
1710,0.5053707156468681
1711,0.538805837147484
1712,0.5208270235247711
1713,0.5148977872655053
1714,0.5010901194004053
1715,0.5092233212159893
1716,0.5196112465918297
1717,0.5239086567009504
1718,0.5320686967547663
1719,0.48799892621193547
1720,0.5072690864771903
1721,0.5282049128288404
1722,1.442633536646056
1723,0.51635404240774
1724,0.5200634460706566
1725,0.507006021507065
1726,0.5117905088691228
1727,0.482541132109397
1728,0.45415542130847536
1729,0.5149476348015959
1730,0.35777747426853995
1731,0.5132307293567392
1732,0.5317277557996158
1733,0.7893446647597195
1734,0.4955063723125541
1735,0.5444789854110408
1736,0.5143087567958775
1737,0.5079006255515345
1738,0.5275351544105563
1739,0.5027057188713853
1740,0.510134773435849
1741,0.48863518729629357
1742,-1.8547013624992796
1743,0.5674997799569947
1744,0.5106193214946824
1745,0.5583271561137294
1746,0.502894501022835
1747,0.5134265099723028
1748,0.5097323951970616
1749,0.49865458847988736
1750,0.5011345964301376
1751,0.5191651935576921
1752,0.504758839138276
1753,0.5057860995045516
1754,0.5002154913625514
1755,0.49996284329007035
1756,0.502716273314866
1757,0.6211565220523385
1758,0.5054240015326833
1759,0.5355940829291242
1760,0.48267354986251193
1761,4.7771812252937735
1762,0.5168291680096626
1763,0.461015133783848
1764,0.5190874935125062
1765,0.494283705203926
1766,0.5186074501259789
1767,0.5209456946812018
1768,0.5096986946891141
1769,0.4860501503846351
1770,0.5005616664148884
1771,0.5142406426680328
1772,0.5045349486113796
1773,0.5057394033501642
1774,0.5021784544721448
1775,0.4933874593058288
1776,0.5216326599207217
1777,0.5427663470813746
1778,0.6272579740434711
1779,0.5353797824997208
1780,0.49842637345800217
1781,0.5096447452304653
1782,0.4904078480694862
1783,0.4724634201463139
1784,0.5219002176649791
1785,0.5020507610265252
1786,0.5065522284019018
1787,0.5058736668486479
1788,0.49118845145590817
1789,0.496741781859101
1790,0.5037666991897064
1791,0.5059425596240191
1792,0.5125073987211975
1793,0.5088352578633514
1794,0.489813514441823
1795,0.5367329760941317
1796,0.5019902005673604
1797,0.5180363251788143
1798,0.5257822508629885
1799,0.5281527077717374
1800,0.5209440551496983
1801,0.5001685475102685
1802,0.5151143884357958
1803,0.5229840047305754
1804,0.5037992065742036
1805,0.49741435980783827
1806,0.5122713019585058
1807,0.5194495789957583
1808,0.5448457522098906
1809,0.4990029434557493
1810,0.5016111273187666
1811,0.5220952890279595
1812,0.5079557508179452
1813,0.5167071566053117
1814,0.4786579706477828
1815,0.4920788137956812
1816,0.4894572277806708
1817,0.5469371714798563
1818,0.5076058814260845
1819,0.4890086399113691
1820,0.5098248823797481
1821,0.40726149112821575
1822,0.5101060022430809
1823,0.4596813977084673
1824,0.5042682861223935
1825,0.4984838178386971
1826,0.5080877011534354
1827,0.5406188218614189
1828,0.501374422991013
1829,0.5084610865370357
1830,0.4891374764259235
1831,0.46837186987941426
1832,0.5015722140926671
1833,0.5152990014580286
1834,0.49093843724461095
1835,0.5104028964418978
1836,0.5090517721899942
1837,0.49655795772652456
1838,0.4958810587220405
1839,0.4743618519098168
1840,0.5401078051032376
1841,0.507511536596396
1842,0.514190475429524
1843,0.49217320436365236
1844,0.515606685920954
1845,0.4955728362502009
1846,0.4967249384705211
1847,0.4921263545901554
1848,0.4937759521768939
1849,0.4918664686304091
1850,0.49652344730661857
1851,0.5220565945792085
1852,0.5062762675476429
1853,0.5063658752015765
1854,0.4957459350553128
1855,0.5221795535511848
1856,0.5121668106050997
1857,0.5065646931716844
1858,0.5026603023974945
1859,0.5048427746262524
1860,0.4943125033594701
1861,0.4931705200404291
1862,0.4380132679548761
1863,0.5000422756362312
1864,0.49731437216493146
1865,0.5133395697249504
1866,0.5068923203963935
1867,0.5309683681881391
1868,0.49236831119155033
1869,0.5067000443491625
1870,0.49644204942355036
1871,0.5549040845687818
1872,0.4886227522030813
1873,0.6628570140000873
1874,0.5019128439954325
1875,0.5244452832758394
1876,0.5026457189439252
1877,0.516131692682043
1878,0.4672312623476834
1879,0.4980606803862848
1880,0.46874524088276315
1881,0.5142533345809027
1882,0.1291739809304315
1883,0.480217227823312
1884,0.5220426388636249
1885,0.5448457522098906
1886,0.5057547658854652
1887,0.5251882122010959
1888,0.4928965400538162
1889,0.4963097831095794
1890,0.5227546444278102
1891,0.49841512511946817
1892,0.4866247796168036
1893,0.5257908260829423
1894,0.48248696937503815
1895,0.4961056108482178
1896,0.503728311715838
1897,0.4403962134889218
1898,0.5197977513611566
1899,0.8335210406224121
1900,0.499631515860749
1901,0.5189376283920237
1902,0.4899133802619148
1903,0.5161928483316881
1904,0.504863580343284
1905,0.5088343372019896
1906,0.5390816903461815
1907,0.5075124630843906
1908,0.5097666661546241
1909,0.4895646943074568
1910,0.5091014996756055
1911,0.4989263201909242
1912,0.49415154110269016
1913,0.5297684072611665
1914,0.5080448480662164
1915,0.5088684073223726
1916,0.5167464365453202
1917,0.5115974294687647
1918,0.581354989139143
1919,0.5276806024317386
1920,0.4863100708022106
1921,0.5027748974826104
1922,0.4989463869731458
1923,0.5141643951700168
1924,0.5243043815827514
1925,0.49438858715767187
1926,0.504251355692813
1927,0.542413948753889
1928,0.484233069017733
1929,0.4838717469481984
1930,0.5120950170301161
1931,0.5075809712821368
1932,0.5059485132048097
1933,0.5031162572569488
1934,0.49315666963720955
1935,0.49879780838995635
1936,0.5097293309066386
1937,0.48991677699787795
1938,0.5042424781754435
1939,0.5008254487980677
1940,0.5461002962277186
1941,0.5663171509514843
1942,0.5097409004990158
1943,0.510606060460655
1944,0.5535775969022843
1945,0.47686895738574564
1946,0.5019027357315806
1947,0.5230291681845298
1948,0.4882141159509708
1949,0.5071229043546385
1950,0.5109201301982716
1951,0.5186210160575425
1952,0.5240318826343477
1953,0.4823740217823813
1954,0.4941894014641342
1955,0.5203178071405427
1956,0.5209159655039989
1957,0.50851220390298
1958,0.48592514255637853
1959,0.5212619216440356
1960,0.487788870326763
1961,0.5061026594537036
1962,0.530621171795365
1963,0.5072407082894355
1964,0.5223919606367391
1965,0.6332954884313455
1966,0.48725501486796885
1967,0.510660560329609
1968,0.6299516034875867
1969,0.5170475810472952
1970,0.523209916941674
1971,0.5070119773966388
1972,0.4787374099521293
1973,0.4954404654438173
1974,0.5228224895111754
1975,0.4589826639491896
1976,0.483398616963829
1977,4.137755145488154
1978,0.5013857643526562
1979,0.49433209402709194
1980,0.5070415446165663
1981,0.5097929245502957
1982,0.5524204789542511
1983,0.5030087395160926
1984,0.49641513488887296
1985,0.49146657111937403
1986,0.5141675421563865
1987,0.5049797300288529
1988,0.49540433851379956
1989,0.507369152622412
1990,0.5054557016242791
1991,0.5011346636693167
1992,0.5092032304789327
1993,0.5014641241706548
1994,0.5093641804825175
1995,0.4934960254717788
1996,0.4991135662316334
1997,0.5392068289335454
1998,0.5091190315323123
1999,0.5242022033703432
2000,0.5395488588754878
2001,0.42072831109830056
2002,0.5126321049488889
2003,0.5183568431713015
2004,0.5137023128900671
2005,0.49377667937574027
2006,0.5188701084483771
2007,0.5149160675477207
2008,0.49999830630754566
2009,0.5107358763716427
2010,0.498332564892823
2011,0.535323356249948
2012,0.5204145650682349
2013,0.5067911035495959
2014,0.502976418953529
2015,0.5237194754040025
2016,0.5126366024961487
2017,0.5178852066925929
2018,0.4881598133077659
2019,0.5303160283103102
2020,0.5090103164571181
2021,0.5060164777329752
2022,0.5456370867366191
2023,0.5113333614827623
2024,1.0465074627198019
2025,0.4597036105318843
2026,0.5020300937840236
2027,0.5063666735035988
2028,0.6108760356231548
2029,0.4957591490375254
2030,0.5013725546615398
2031,0.5036017383306853
2032,0.4873473557848821
2033,0.5791171542870956
2034,0.5320424842426772
2035,0.4841426977201246
2036,0.5430855973537391
2037,0.510650919422998
2038,0.4954697379785908
2039,0.4998458595004525
2040,0.5146323106121516
2041,0.5068289763813036
2042,0.5102367940842342
2043,0.5098747002765782
2044,0.49108735611677934
2045,0.5297236988745309
2046,0.4946240815684412
2047,0.5039150269999936
2048,0.5217757615703672
2049,0.5072081011159292
2050,0.491545629530088
2051,0.5178072941744319
2052,0.4892015793755016
2053,0.4874858113070913
2054,0.5014810638441601
2055,0.5080916976530151
2056,0.5224951691825378
2057,0.5086382715681085
2058,0.4846587992774978
2059,0.5251436481542189
2060,0.47139702017128154
2061,0.49577934769150117
2062,0.5142930438076709
2063,0.511530290414242
2064,0.5123807745547534
2065,0.6022826172855754
2066,0.47228927908374957
2067,0.5090683334467164
2068,0.5293495481979248
2069,0.4651690257729922
2070,0.5168804179236657
2071,0.5034401179968935
2072,0.539083684817125
2073,0.518176366303065
2074,0.5008362401023349
2075,0.5148486676121151
2076,0.5248670055712991
2077,0.5237407663497944
2078,0.4899655432073964
2079,0.5475986303545666
2080,0.4478783510115366
2081,0.5127387953946735
2082,0.5101254329706691
2083,0.48941824961015956
2084,0.5070955872617278
2085,0.4975662410172534
2086,0.48733326526830945
2087,0.49929007513655893
2088,0.5132612978740942
2089,0.5241569750405736
2090,0.5052042486368745
2091,0.49951966869740405
2092,0.5061862653984237
2093,0.48763291817208965
2094,0.5107448126720319
2095,0.5266429711179724
2096,0.5069789173474986
2097,0.5094889059009161
2098,0.5181117655737246
2099,0.5230145611815713
2100,0.5293270289955794
2101,0.504735813446138
2102,0.5164894887975141
2103,0.49729877981233056
2104,0.5039955258090376
2105,0.5212945577727575
2106,0.5078141396081568
2107,0.6369479362932768
2108,0.5160608272666996
2109,0.5061849472483145
2110,0.5300610306949285
2111,0.5113118562834755
2112,0.512450868516597
2113,0.5188341758802377
2114,0.5206287950597434
2115,0.4940786903968747
2116,0.5021788911424958
2117,0.524327704233942
2118,0.48307465553529616
2119,0.5016450520491695
2120,0.5142634956836318
2121,0.49111518401090515
2122,0.5154561140139519
2123,0.4880654698469366
2124,0.631373343646325
2125,0.4871269952113234
2126,0.503705864666802
2127,0.4538051296704109
2128,0.5082581220161836
2129,0.4988081292822175
2130,0.4883255050573921
2131,0.49568894744225456
2132,0.5235042841350334
2133,0.5116706245179543
2134,0.5686184070916429
2135,0.5343398562935298
2136,0.5037276861484129
2137,0.5045703771125483
2138,0.5228325758000217
2139,0.5165574783268779
2140,0.49206937687251096
2141,0.5074937714862732
2142,0.4797402017107085
2143,0.5086015306625553
2144,0.5108041308784427
2145,0.48476009992815877
2146,0.5041580277794787
2147,0.4939277155423089
2148,0.5079170294373412
2149,0.49888008847111737
2150,0.5296841232196239
2151,1.067681591982217
2152,0.5089496740419165
2153,0.5002076229214334
2154,0.49723221656062716
2155,0.4903288663916424
2156,0.5076445645488028
2157,0.510365528002865
2158,0.48307956911162325
2159,0.4807973323081918
2160,0.5217504765562679
2161,0.504805177458622
2162,0.4874356276576486
2163,0.4934456933297906
2164,0.502430610527791
2165,0.49650571286176554
2166,0.49909729525225327
2167,0.514262187042671
2168,0.49950268365654554
2169,0.4836588436254907
2170,0.5111604255309302
2171,0.5076683237536503
2172,0.5233093716048401
2173,0.5231018906924564
2174,0.5810919186296739
2175,0.49662086405959077
2176,0.5200690778410287
2177,0.47933610545512245
2178,0.48293293561358075
2179,0.5220611385878094
2180,0.4976756440560396
2181,0.600397005957919
2182,0.4962745548106921
2183,0.5039235313763677
2184,0.5163939771847521
2185,0.5065691114350891
2186,0.5093166824835369
2187,0.49961567026770937
2188,0.5690817928926419
2189,0.5130693854342682
2190,0.5131977315639
2191,0.5225736079626179
2192,0.510709586883382
2193,0.5411556507303384
2194,0.49730446438922915
2195,0.5552496095720465
2196,0.5178090922001023
2197,0.5492757504856647
2198,0.535500725012129
2199,0.49913366402408127
2200,0.48693756167016977
2201,0.48757716065291756
2202,0.5008062277476097
2203,0.5072151405832038
2204,0.4567130983408689
2205,0.5666541282578487
2206,0.49537082227228013
2207,0.5039934891990792
2208,0.5189181227658365
2209,0.5052880422073367
2210,0.5281803887931853
2211,0.5068623238524733
2212,0.5299229182829139
2213,0.48706998673200946
2214,0.5471635355970567
2215,0.5065418686117392
2216,0.5448457522098906
2217,0.6069882025159367
2218,0.5185755461887998
2219,0.49051456625381906
2220,0.4896552589739401
2221,0.5323328020306077
2222,0.5151144525182334
2223,0.5042990545879877
2224,0.5121397503811519
2225,0.4972656629073995
2226,0.49760827613185704
2227,0.45647424511296253
2228,0.5040390377738808
2229,0.49251839402117853
2230,0.5184074487886546
2231,0.5197735849772713
2232,0.49304416564108955
2233,0.509981458375999
2234,0.519255573014656
2235,0.4750713779398946
2236,0.4889527817080021
2237,0.5052590404575815
2238,0.49622210655043714
2239,0.5250570715047788
2240,0.5155923624647728
2241,0.5195399004538935
2242,0.5238593806628312
2243,0.5206251218323087
2244,0.50672969607898
2245,0.47762267155104293
2246,0.5010530023129656
2247,0.5069851575953525
2248,0.5042180376087122
2249,0.5120512104430968
2250,0.4863387146941441
2251,0.5122427398905486
2252,0.4994828256206289
2253,0.5141335316177427
2254,0.40609122279121845
2255,0.5063622704100659
2256,0.5211174089452099
2257,0.5008408844146593
2258,0.4934084237962237
2259,0.5055946301953135
2260,0.5021182903854526
2261,0.5204321494628862
2262,0.5278427426164746
2263,0.5083514027169121
2264,0.5044361812973915
2265,0.5048339243333544
2266,0.5172802005100905
2267,0.5485763586914297
2268,0.5182716144925552
2269,0.6664184825039788
2270,0.5148459720781996
2271,0.48896698161748237
2272,0.5411713214402272
2273,0.48332422446898465
2274,0.5608244298806052
2275,0.49479920084150825
2276,0.5112209384264212
2277,0.5126092105571309
2278,0.5149140902338672
2279,0.4905768766774829
2280,0.5243889377155142
2281,0.49939475422913415
2282,0.49823526986206984
2283,0.5206047235669439
2284,0.5390315470378727
2285,0.5063917666508249
2286,0.5161772669857033
2287,0.5000708787358992
2288,0.49429044987028864
2289,0.511707287132938
2290,0.5441920287429028
2291,0.507423540825683
2292,0.5107105243146179
2293,0.5018751004522561
2294,0.5136236097588545
2295,0.51116016556096
2296,0.5137856499304984
2297,0.5054793700613989
2298,0.49398166575932456
2299,0.5063284189464973
2300,0.5366154436473732
2301,0.48889510158818494
2302,0.4863924232930994
2303,0.5022861177151108
2304,0.5003682543804178
2305,0.5402958866332342
2306,0.5177469680868949
2307,0.5233852512720089
2308,0.5006430523965356
2309,0.5355458836442385
2310,0.5074292658784266
2311,0.5120662777324582
2312,0.5042966133243013
2313,0.4884719466021117
2314,0.5108263180175251
2315,0.508980012736662
2316,0.48589398232318265
2317,0.49820554906336045
2318,0.49831316092886263
2319,0.5140786664582899
2320,0.5004002699554617
2321,0.5154051293258041
2322,0.5561364870192933
2323,0.49903307564981436
2324,0.5011013040792768
2325,0.4942681744947721
2326,0.5238841485957103
2327,0.5196791895629608
2328,0.5163984074110257
2329,0.5032260857178998
2330,0.5319816505665346
2331,0.5351566288749197
2332,0.5369229111650448
2333,0.5127318467093921
2334,0.4937529785622042
2335,0.4862797389737351
2336,0.5017038126923469
2337,0.5027278824868725
2338,0.5153471848316334
2339,0.5073377285463332
2340,0.5276887108574322
2341,0.5029996180468007
2342,0.5033476114876491
2343,0.5029183630716382
2344,0.4959262638516566
2345,0.5009381507153783
2346,0.5252820416849334
2347,0.5045279114397441
2348,0.5150356721241963
2349,0.5127566865126933
2350,0.5110071200301177
2351,0.5228406978684019
2352,0.47711435193794144
2353,0.48056228843808146
2354,0.5132204660189748
2355,0.5083445331670019
2356,0.49828695600725925
2357,0.5136764125923636
2358,0.45859402722014586
2359,0.4839133646950997
2360,0.4880188154453061
2361,0.4927953058422298
2362,0.5676489758655703
2363,0.5117781629943647
2364,0.5046775862302988
2365,0.5299535469712732
2366,0.5091649718333331
2367,0.49296130056167836
2368,0.5027159869412305
2369,0.5097552141958287
2370,0.5039759005682581
2371,0.4144750839538408
2372,0.5082394197579757
2373,0.4773892585443093
2374,0.45401725132126375
2375,0.49301323864304514
2376,0.5192092845427287
2377,0.49311443422550993
2378,0.5099127795779264
2379,0.5028034571636812
2380,0.4988242988313942
2381,0.5451907004945324
2382,0.49201821310791705
2383,0.496949251264649
2384,0.5417413283969841
2385,0.5096921488172426
2386,0.5063981057871754
2387,0.5193200717250523
2388,0.498419398942296
2389,0.5117578682331229
2390,0.549593218286191
2391,0.5209796926449936
2392,0.5142788578726369
2393,0.487799276177008
2394,0.5112465609461849
2395,0.6154273573806615
2396,0.4932852021876589
2397,0.5241877776278866
2398,0.5324969052705656
2399,0.4898878608335504
2400,0.48530820245157735
2401,0.5173186694389754
2402,0.5233302789460229
2403,0.5091151860080455
2404,0.5039002942847263
2405,0.5023984226252388
2406,0.5054587962830621
2407,0.4701831093617447
2408,0.5226558329748002
2409,0.5325193170919966
2410,0.5202527373887329
2411,0.4989004258043842
2412,0.48576023617353004
2413,0.4633118353793132
2414,0.5004212381643233
2415,0.5021282434223316
2416,0.5104787164426284
2417,0.4932931683677842
2418,0.8574970187607301
2419,0.520614538380518
2420,0.519894367540087
2421,0.5182776911892268
2422,0.515994719211774
2423,0.502814690524772
2424,0.515556082821129
2425,0.5153840714265928
2426,0.5083471096166949
2427,0.6070485489860459
2428,0.5008352742092478
2429,0.5976441897421496
2430,0.513823627738423
2431,0.5273937352729341
2432,0.5248921740020039
2433,0.48546481614856474
2434,0.5036068419596678
2435,0.5101062613920467
2436,0.5082622551686639
2437,0.5686412971410071
2438,0.4451798999460758
2439,0.500712327749216
2440,0.48895532224864774
2441,0.5069508001377979
2442,0.4849334847740415
2443,1.3436260771673973
2444,0.5103922820921246
2445,0.5227226568623485
2446,0.5096588452821397
2447,0.517335149214062
2448,0.5003439137302408
2449,0.5022044121565179
2450,0.4984489109709199
2451,0.503691611103504
2452,0.5168237489077474
2453,0.4918553612627246
2454,0.5044913299939786
2455,0.5172548224298029
2456,0.4466417599271111
2457,0.5063679204784078
2458,0.4792236809911963
2459,0.5019717549843206
2460,0.4982073044239065
2461,0.4807737494916747
2462,0.5126122842379626
2463,0.49873671846155915
2464,0.5342920312382201
2465,0.5348617052097945
2466,0.512468068655464
2467,0.503760801187199
2468,0.4992533794958394
2469,0.4993486376038782
2470,0.5143773258620546
2471,0.5205211683928778
2472,0.5262329272476014
2473,0.4961894943866338
2474,0.531001586421883
2475,0.5547263917252913
2476,0.50532243606393
2477,0.5142532267442491
2478,0.48702488645109027
2479,0.5073540113126441
2480,0.5034478784425493
2481,0.5279976328982539
2482,0.48843110090207514
2483,0.48016845615679304
2484,0.5037404077478782
2485,0.5141593962276507
2486,0.5176081099708219
2487,0.5899198632944421
2488,0.5212740631389808
2489,0.49320515351009314
2490,0.4929699522608607
2491,0.5197084017584634
2492,0.5249198222823073
2493,0.528268450219341
2494,0.4818355770262665
2495,0.5072427795272804
2496,0.5024586216361587
2497,0.5294602748319418
2498,0.5624958732174808
2499,0.5014899788725214
2500,0.7556971061766905
2501,0.5011516988384047
2502,0.4927746401187542
2503,0.5013189483320105
2504,0.48598196689397577
2505,0.5478841907628195
2506,0.49873217489280264
2507,0.4974647357315709
2508,0.5067468778872224
2509,0.5160437557311719
2510,0.5376587121191074
2511,0.5331472404861078
2512,0.47906088296325905
2513,0.49233431845425396
2514,0.4985943790346139
2515,0.5178374291961196
2516,0.4861893731621847
2517,0.49445751513287556
2518,0.5001379939803181
2519,0.45913844718162267
2520,0.48353504836618244
2521,0.5047318521879944
2522,0.5106477267200592
2523,0.5089041094453577
2524,0.5148178514488427
2525,0.4965937816067669
2526,0.5140297594816353
2527,0.5075208785521578
2528,0.5173013462863076
2529,0.5193796665801004
2530,0.5236449049842895
2531,0.4819813122426079
2532,0.5121662921089607
2533,0.5146027253658213
2534,0.4842911440318224
2535,0.48650706393907633
2536,0.5450521870839695
2537,0.4866193319478075
2538,0.4981860718603815
2539,0.4988052143720427
2540,0.5084266901963264
2541,0.5100420052817346
2542,0.5141805523637338
2543,0.4969343859188862
2544,0.5273933809167226
2545,0.504056061611083
2546,0.4979649374007243
2547,0.5513589416329926
2548,0.5072954469396302
2549,0.510905355370434
2550,0.5644106947099069
2551,0.5189101500243157
2552,0.49537362705603916
2553,0.5204855394265478
2554,0.4878858135179903
2555,0.48047020200101076
2556,0.5475735752521684
2557,0.5053667487313843
2558,0.49893941000715003
2559,0.5204990510614405
2560,0.5541202232327881
2561,0.5065465819021587
2562,0.6214623923128061
2563,0.48817727707164615
2564,0.507755964738261
2565,0.48098249125636094
2566,0.5067710727862151
2567,0.5081415020240959
2568,0.5254597171781515
2569,0.511325357529409
2570,0.5022012010140993
2571,0.5305407227330218
2572,0.5111880528160818
2573,0.4960568921969165
2574,0.5015892721399836
2575,0.5059239344772424
2576,0.5318174315519266
2577,0.4805944604958252
2578,0.49712148113349475
2579,0.5167936385698572
2580,0.49706130281216115
2581,0.5020967986864141
2582,0.5014693450761226
2583,0.49643203680891995
2584,0.5129845455959908
2585,0.521818158418556
2586,0.4943936215864708
2587,0.5083248437364742
2588,0.45859102148040004
2589,0.5000824563764674
2590,0.5020339650906999
2591,0.5223938036391454
2592,0.5350351609735877
2593,0.46978178926677505
2594,0.504914687596786
2595,0.5088421166783956
2596,0.5389122696997855
2597,0.5115209095189849
2598,0.4933099688470087
2599,0.4959223211308011
2600,0.5071591150479701
2601,0.5025256720250492
2602,0.4946216526824159
2603,0.5039025266750983
2604,0.4964792240607685
2605,0.5197840871606532
2606,0.5116324325032131
2607,0.5075382810037004
2608,0.5108300979757927
2609,0.5080150724851068
2610,0.5113671517678683
2611,0.509808208486785
2612,0.5256729757098951
2613,0.503089784552934
2614,0.5121791800623384
2615,0.5060610115035157
2616,0.5066116283002303
2617,1.4890974738732712
2618,0.4909851519069239
2619,0.5090492938143056
2620,0.5200951820534807
2621,0.404828481469354
2622,0.5135277165669793
2623,0.48845156270149154
2624,0.5135424490584866
2625,0.5151679698551671
2626,0.5073904950706726
2627,0.4857339824153525
2628,0.5228587438083001
2629,0.49950367726530587
2630,0.5243476577534518
2631,0.4991776456287819
2632,0.47524076355567196
2633,0.5110562646847304
2634,0.5082718201257008
2635,0.49849441592553406
2636,0.5069284164536407
2637,0.5053930481762241
2638,0.4592808755249536
2639,0.4834781450825426
2640,0.5220866381306485
2641,0.46917756883606837
2642,0.5115606090342739
2643,0.5267996429815222
2644,0.49086095344942704
2645,0.5233204963977329
2646,0.5009660772072165
2647,0.499238259903211
2648,0.5049488139808092
2649,0.4892222751256057
2650,0.4968248686425116
2651,0.5054547255268482
2652,0.5058361443805769
2653,0.49662723239109313
2654,0.5158294496919215
2655,0.6047571129269634
2656,0.4877997837937801
2657,0.5136090361211121
2658,1.4054660716211187
2659,0.5495745796575349
2660,0.5296210558541933
2661,0.505099734149083
2662,0.48530751162453456
2663,0.4995538016077336
2664,0.4730012407843725
2665,0.5147960228462556
2666,0.5273226372476963
2667,0.49966813690112555
2668,0.5091150562539948
2669,0.5060977751571789
2670,0.5010327392901203
2671,0.5113743097033884
2672,0.5227732234013118
2673,0.5104765050692643
2674,0.5025963715230809
2675,0.5191969828511691
2676,0.6342355627985489
2677,-0.596725185940173
2678,0.5166299184043508
2679,0.4757677310642586
2680,0.5390127869833883
2681,0.5030177427539853
2682,0.5205992611985175
2683,0.4951204860629143
2684,0.5194023673586152
2685,0.51711264902046
2686,0.49219474083378795
2687,0.50855694144549
2688,0.5406184045090004
2689,0.5129416320209733
2690,0.5181229843802678
2691,0.4941893920715241
2692,0.4913241712274276
2693,0.5881066831895004
2694,0.5062354033007181
2695,0.5063723102028017
2696,0.48590867205101274
2697,0.5047911860297352
2698,0.5433404979631469
2699,0.50599362965761
2700,0.5016998053802164
2701,0.49869044366469206
2702,0.5435067889159153
2703,0.5030819244190708
2704,0.5049279944350042
2705,0.5122922884831155
2706,0.5130174422327863
2707,0.49568747338258273
2708,0.516224959978219
2709,0.5146879434732725
2710,0.5448457522098906
2711,0.48955338248448355
2712,0.48353734723216835
